n_seeds,n_test,MAE,MedAE,RMSE,mean_sigma,PICP_gauss,MPIW_gauss,NLL_gauss,CRPS_gauss,PICP_conformal,MPIW_conformal,q_hat,method,n_early,fold
10,22,97.04266225641423,59.723290252685544,154.00779000360228,21.739372578686,0.3181818181818182,85.21834050844913,42.90995379374159,89.16189911258431,1.0,1725.59673461914,862.7983673095703,Deep_Ensemble_PINN_Knee,50,0
10,22,130.89302139282225,54.74418563842772,241.90052036796502,20.528034851266032,0.36363636363636365,80.46989661696283,165.16610245577252,121.30471892287805,0.9090909090909091,918.9312072753905,459.4656036376953,Deep_Ensemble_PINN_Knee,50,1
10,22,156.11652103770862,55.98902282714843,232.69106691830424,28.35645978795193,0.3181818181818182,111.15732236877157,60.888941058267235,145.88989485178814,0.8636363636363636,802.1440185546875,401.07200927734374,Deep_Ensemble_PINN_Knee,50,2
10,22,149.39019619985058,67.4664093017578,214.22276551467155,21.744479304570884,0.36363636363636365,85.23835887391785,87.61513541349885,138.66697205303225,1.0,1056.0141235351557,528.0070617675781,Deep_Ensemble_PINN_Knee,50,3
10,22,202.3625781319358,83.37689170837402,333.9823462386752,29.952687603332368,0.36363636363636365,117.4145354050629,129.68726247114736,189.79704658773028,0.9545454545454546,920.8760681152344,460.4380340576172,Deep_Ensemble_PINN_Knee,50,4
10,22,85.28415187488903,46.45002746582031,146.32156349868694,28.898204594517278,0.5,113.28096201050771,26.53793103128086,76.21448862415863,1.0,1643.4161437988287,821.7080718994141,Deep_Ensemble_PINN_Knee,100,0
10,22,126.04316544966264,54.0065856933594,229.13222446744308,32.27809404374239,0.5454545454545454,126.53012865147019,40.050189654316554,114.1439620622689,0.9090909090909091,742.6035583496091,371.30177917480466,Deep_Ensemble_PINN_Knee,100,1
10,20,155.39056678771973,100.93006591796876,205.99182048386734,66.48483062033159,0.65,260.6205360316999,9.435430518660558,125.94647330954274,0.95,849.1290100097655,424.5645050048828,Deep_Ensemble_PINN_Knee,100,2
10,21,127.50511401948476,41.19250030517577,179.85886854469857,32.14757075235587,0.47619047619047616,126.01847734923497,46.34523719013743,114.61749858175509,1.0,974.1587524414062,487.0793762207031,Deep_Ensemble_PINN_Knee,100,3
10,22,195.59815781333228,86.05876045227049,320.2803740293719,30.374321682943414,0.3181818181818182,119.06734099713817,205.85733170708497,182.39118071326897,0.9545454545454546,845.3103393554687,422.65516967773436,Deep_Ensemble_PINN_Knee,100,4
10,21,69.58260505312965,32.617349243164085,109.21924678142784,19.302578849051898,0.5238095238095238,75.66610908828345,22.024476840010045,61.92076543125366,1.0,1579.506579589844,789.7532897949219,Deep_Ensemble_PINN_Knee,150,0
10,21,118.02720867338637,51.37884216308595,215.49595248477578,15.909244323205273,0.38095238095238093,62.36423774696469,157.3738329915064,110.8153705305024,0.9047619047619048,621.2650390625001,310.63251953125,Deep_Ensemble_PINN_Knee,150,1
10,19,109.98659619783099,65.2354766845703,156.5417873177496,21.422735366180973,0.3684210526315789,83.97712263542941,44.46542121234504,101.50826512090919,0.8947368421052632,604.1836425781252,302.0918212890625,Deep_Ensemble_PINN_Knee,150,2
10,21,89.27502143496561,46.660900878906205,125.50365748971336,25.16108292118768,0.38095238095238093,98.6314450510557,42.05414144559769,77.4207917055747,1.0,673.0921081542967,336.5460540771484,Deep_Ensemble_PINN_Knee,150,3
10,20,171.0444310760498,75.45682067871095,294.12116261512233,17.445737917490224,0.25,68.38729263656165,545.2804315181917,163.22425477816904,0.9,629.7178955078125,314.85894775390625,Deep_Ensemble_PINN_Knee,150,4
10,22,152.51294405850496,138.98422576904298,190.8793481814612,12.161446545277073,0.045454545454545456,47.67287045748613,408.54828475616375,146.2558410528863,1.0,1937.190085449219,968.5950427246094,Ensemble_NN_5x_MLP,50,0
10,22,193.71263085798785,139.03543121337887,282.14393273123466,11.216821815817575,0.045454545454545456,43.96994151800488,373.5944518217464,187.53327712403535,0.9090909090909091,1022.4961120605471,511.24805603027346,Ensemble_NN_5x_MLP,50,1
10,22,205.09407481800426,162.6144140625,246.70815382742043,13.21749180995339,0.0,51.81256789501729,428.9885619694555,197.63816802801136,0.9545454545454546,1025.6908447265628,512.8454223632813,Ensemble_NN_5x_MLP,50,2
10,22,200.00496575615622,172.68251678466797,224.25823197550616,16.703233430744447,0.045454545454545456,65.47667504851826,312.87095513439215,190.947653270084,1.0,986.5423876953129,493.27119384765626,Ensemble_NN_5x_MLP,50,3
10,22,243.19969096338207,133.29389694213864,360.1240540859482,19.133151439770128,0.09090909090909091,75.00195364389891,577.0516640488584,233.02093492783231,0.9545454545454546,1031.9903552246096,515.9951776123047,Ensemble_NN_5x_MLP,50,4
10,22,155.0775550148704,141.9761346435547,192.54378883550982,16.032549776091003,0.13636363636363635,62.847595122276715,155.86223818200313,146.3517272940007,1.0,1860.2901562499997,930.1450781249999,Ensemble_NN_5x_MLP,100,0
10,22,188.22619729475537,144.23321014404297,277.7308856430349,11.872635950313049,0.045454545454545456,46.54073292522715,334.07033242605826,181.68255526840326,0.9090909090909091,1045.1107055664063,522.555352783203,Ensemble_NN_5x_MLP,100,1
10,20,196.25338936042786,171.98943674087522,250.81778289194986,24.735759125369675,0.25,96.96417577144913,131.33551625340505,184.0619364539739,1.0,1261.5769079589845,630.7884539794923,Ensemble_NN_5x_MLP,100,2
10,21,207.06934732800437,180.35968505859375,232.34302023718087,17.088926015574355,0.0,66.98858998105146,201.8701709641366,197.44168830334183,1.0,1039.6410290527344,519.8205145263672,Ensemble_NN_5x_MLP,100,3
10,22,241.95719351335,147.39609466552733,356.65472466996687,13.822114900533387,0.09090909090909091,54.18269041009086,618.1927267958431,234.4423586988717,0.9545454545454546,992.0225024414063,496.0112512207031,Ensemble_NN_5x_MLP,100,4
10,21,151.92536937895278,159.61777221679688,182.42311693113643,11.778728334349763,0.0,46.172615070651055,169.17190137076,145.28072322441815,1.0,1784.3578198242187,892.1789099121095,Ensemble_NN_5x_MLP,150,0
10,21,176.52356378464472,179.06428039550775,266.6454111138425,10.793584604246812,0.047619047619047616,42.31085164864749,595.3163866770492,170.46660658357467,0.9047619047619048,961.8327111816403,480.9163555908203,Ensemble_NN_5x_MLP,150,1
10,19,186.8722094244706,98.44258728027341,250.906828766277,12.826375114933423,0.15789473684210525,50.279390450539026,511.38703914077536,181.71045813055753,0.8947368421052632,1018.8711743164062,509.43558715820313,Ensemble_NN_5x_MLP,150,2
10,21,218.5075639932075,213.27895568847663,239.72953409835267,22.904137902596894,0.047619047619047616,89.78422057817983,133.7195962689863,205.70811840090067,1.0,1354.3888708496092,677.1944354248046,Ensemble_NN_5x_MLP,150,3
10,20,224.58425782012938,137.4574041748047,352.03442474709476,11.659259346571826,0.15,45.70429663856155,2005.703158165676,218.5755506387286,0.95,949.1412854003905,474.5706427001953,Ensemble_NN_5x_MLP,150,4
300,22,147.85741169785004,140.50947560628256,183.6954326412632,81.81746312757002,0.7727272727272727,320.7244554600745,7.821718615497042,114.1268847256499,1.0,1896.370684000651,948.1853420003256,Bayesian_LSTM,50,0
300,22,185.71981833486845,129.93590095520017,271.92143804238987,77.90334519641156,0.7272727272727273,305.3811131699333,11.427673525731567,148.16032981893207,0.9090909090909091,990.5128285725913,495.2564142862956,Bayesian_LSTM,50,1
300,22,204.1910479551373,131.96842819213867,248.3993536646431,78.21812594247939,0.6363636363636364,306.61505369451925,10.32667174272457,165.84675778590045,0.9090909090909091,988.9866826375327,494.4933413187663,Bayesian_LSTM,50,2
300,22,198.45161094665525,140.19594963073732,218.941107387216,78.08195613400846,0.5454545454545454,306.08126804531315,9.24552931045934,156.30598074048464,1.0,989.6519926961264,494.82599634806314,Bayesian_LSTM,50,3
300,22,237.21615115310206,132.14204554239907,366.5317849533711,77.71164602508212,0.5909090909090909,304.62965241832194,15.995435320246894,205.5720428958013,0.8181818181818182,991.4525037638344,495.72625188191734,Bayesian_LSTM,50,4
300,22,147.89141190268776,141.41401077270507,183.60343085642577,82.12838631701901,0.7727272727272727,321.9432743627145,7.83099747491329,114.04368535540067,1.0,1895.8275106811523,947.9137553405762,Bayesian_LSTM,100,0
300,22,186.04062384634307,131.9684134674072,272.02809098077904,78.53306460798265,0.7272727272727273,307.849613263292,11.428538928544322,148.29449705635125,0.9090909090909091,992.8825527954101,496.44127639770505,Bayesian_LSTM,100,1
300,20,193.4684610010783,127.62402371724446,241.07870831974228,78.21099621490448,0.7,306.5871051624255,10.188772656433255,155.51327015528176,0.9,989.0438290405276,494.5219145202637,Bayesian_LSTM,100,2
300,21,193.76525244818794,133.83316899617512,214.71896351465955,78.43570611919391,0.5714285714285714,307.46796798724006,9.096538607735337,151.4506165832027,1.0,989.0083730061849,494.50418650309246,Bayesian_LSTM,100,3
300,22,237.2734952568285,132.5482028198242,365.7131998762863,78.51519673764925,0.5909090909090909,307.77957121158505,15.948615202894281,205.43224987503146,0.8181818181818182,993.0118602498372,496.5059301249186,Bayesian_LSTM,100,4
300,21,139.82967669290207,144.52783640543618,173.78391312662896,83.22433259803753,0.8095238095238095,326.2393837843071,7.6042032196150116,106.35623561338326,1.0,1883.8922761027013,941.9461380513509,Bayesian_LSTM,150,0
300,21,178.49908340454098,141.98809829711917,266.78119627507465,82.27421962400575,0.7619047619047619,322.51494092610255,10.451803667881649,141.09688617609558,0.9047619047619048,933.981659851074,466.9908299255371,Bayesian_LSTM,150,1
300,19,180.06493083217688,118.88725636800132,229.92087732907606,82.12210986229758,0.7368421052631579,321.9186706602066,9.368351522887608,143.21853714898143,0.8947368421052632,934.6853162638348,467.3426581319173,Bayesian_LSTM,150,2
300,21,190.830743962848,153.40977096557617,207.4941977213122,82.220238755619,0.5238095238095238,322.30333592202646,8.494924062277985,146.50759436125998,1.0,934.1086080932616,467.0543040466309,Bayesian_LSTM,150,3
300,20,233.51536655426025,145.36491170247396,367.39224236767376,82.35284684543082,0.65,322.8231596340888,15.400993085407759,200.26963441868867,0.8,935.274580790202,467.63729039510093,Bayesian_LSTM,150,4
10,22,159.61535932367497,111.32912330627443,204.30511087445652,66.175269159432,0.45454545454545453,259.4070551049735,21.95871511124324,132.27578582608268,1.0,1917.2965820312506,958.6482910156251,CQR_MLP,50,0
10,22,201.0833652843129,69.09705810546873,330.4218424995108,69.46432658842116,0.45454545454545453,272.30016022661096,15.75765330269971,173.9762642779093,0.8181818181818182,926.909201049805,463.45460052490233,CQR_MLP,50,1
10,22,395.9217622236772,212.18278579711912,720.2024167019233,145.73582711552595,0.36363636363636365,571.2844422928619,16.868768845536426,318.4873718557705,0.8181818181818182,936.5123474121096,468.2561737060547,CQR_MLP,50,2
10,22,229.20718982002953,182.11345977783205,275.93231593938754,69.80379104605042,0.2727272727272727,273.63086090051763,38.561247516191536,194.89410375904717,1.0,1158.587591552735,579.2937957763672,CQR_MLP,50,3
10,22,480.71274552778755,159.9183868408203,1047.0834599326745,159.30428521257014,0.2727272727272727,624.4727980332748,18.00077701308872,404.86331936262286,0.7727272727272727,950.1578643798825,475.0789321899414,CQR_MLP,50,4
10,22,231.57249700372867,162.30028915405273,387.4608448632723,118.68308779656876,0.5,465.2377041625495,27.312669384625146,177.43959324605174,1.0,3192.3404785156254,1596.1702392578125,CQR_MLP,100,0
10,22,276.98299151333896,112.70795440673828,562.3546375135641,109.57409240627234,0.45454545454545453,429.5304422325875,19.4759435624723,227.07102820892544,0.9545454545454546,2504.0713745117177,1252.0356872558593,CQR_MLP,100,1
10,20,52383744922645.27,192.80916023254395,234267229124104.44,112494103463794.34,0.45,440976885578073.9,11.033539609696435,35848560760720.44,0.95,864878.3894140624,432439.191796875,CQR_MLP,100,2
10,21,194.83935650416782,143.2812629699707,246.55997624359196,72.58089053323882,0.3333333333333333,284.51709089029606,19.159041116751098,162.20447237888544,1.0,2674.2433593750006,1337.1216796875,CQR_MLP,100,3
10,22,273.83090057373045,229.0703269958496,365.87004699479263,78.71501894176343,0.4090909090909091,308.5628742517125,30.283268325664757,237.9031056009784,1.0,3669.991455078125,1834.9957275390625,CQR_MLP,100,4
10,21,230.43240639822818,90.70769958496095,574.9572656308868,110.28983225785636,0.47619047619047616,432.33614245079696,11.34240611943542,177.93902537214277,0.9523809523809523,2437.7323120117194,1218.8661560058595,CQR_MLP,150,0
10,21,324.2142079852876,136.26675872802736,571.2777785582941,118.04921569836287,0.47619047619047616,462.7529255375823,18.19294364793786,269.8394489427093,1.0,4277.22265625,2138.611328125,CQR_MLP,150,1
10,19,389.00542515202574,121.38883838653564,1031.2240098436596,393.76036066479725,0.7368421052631579,1543.5406138060057,7.6013719308279235,262.4934609667665,1.0,168103.1859375,84051.59296875,CQR_MLP,150,2
10,21,inf,149.92792053222655,inf,,0.38095238095238093,,,,0.8095238095238095,,1923.380749511719,CQR_MLP,150,3
10,20,289.9725939941406,248.3874496459961,396.20776462209534,91.45484341754143,0.3,358.50298619676244,18.23622931857623,241.5851633515339,1.0,2120.3026855468756,1060.1513427734376,CQR_MLP,150,4
10,22,131.74907247369936,94.57341842651367,181.5611081081026,44.118648945436334,0.4090909090909091,172.94510386611043,12.022399907308579,111.92475944257673,1.0,1301.4947753906245,650.7473876953125,CQR_PINN_Knee_FLAGSHIP,50,0
10,22,146.57947387695313,89.43041076660157,215.51121363227296,37.49317097359332,0.3181818181818182,146.97323021648583,17.720937775973855,129.84799636432965,0.9545454545454546,1036.249755859375,518.1248779296875,CQR_PINN_Knee_FLAGSHIP,50,1
10,22,171.79942127574574,126.00503540039062,226.95075051436206,41.22222866340753,0.3181818181818182,161.59113636055753,25.231463087616884,154.10105779547368,1.0,1077.0190551757807,538.5095275878906,CQR_PINN_Knee_FLAGSHIP,50,2
10,22,140.15297518643467,81.99703216552734,194.27613256029403,36.448801039086405,0.36363636363636365,142.87930007321873,41.99493777496066,125.87218416635179,1.0,1411.3846313476565,705.6923156738281,CQR_PINN_Knee_FLAGSHIP,50,3
10,22,237.71754899160425,217.9099830299616,343.0598453262159,34.09691912291228,0.2727272727272727,133.65992296181614,68.09532109741487,219.9112521788039,0.9090909090909091,1110.3829956054688,555.1914978027344,CQR_PINN_Knee_FLAGSHIP,50,4
10,22,140.5509975086559,88.50868377685546,201.32493445952562,36.64252658567918,0.2727272727272727,143.63870421586242,24.435001743841454,122.72958931774252,1.0,1240.4093139648432,620.2046569824219,CQR_PINN_Knee_FLAGSHIP,100,0
10,22,167.92990930598614,118.55618591308593,235.53509130072533,89.910692481244,0.7272727272727273,352.44991452647645,8.803990249832419,132.35347684897067,0.9545454545454546,1027.5005981445318,513.7502990722656,CQR_PINN_Knee_FLAGSHIP,100,1
10,20,165.9810693359375,153.0948501586914,205.20424681902878,61.43348478438857,0.45,240.8192603548032,1651.0075605201698,141.7376610457518,1.0,1275.5059814453125,637.7529907226562,CQR_PINN_Knee_FLAGSHIP,100,2
10,21,139.4550117129371,100.1689514160156,182.69158323409482,112.4319477743659,0.7142857142857143,440.7332352755144,8.002183325783326,109.89217765461981,1.0,1321.119122314453,660.5595611572265,CQR_PINN_Knee_FLAGSHIP,100,3
10,22,212.66463706276633,115.65651245117186,325.309860112573,67.67630946395212,0.5,265.2911330986924,63.17440186492103,188.23525710190714,0.9545454545454546,1120.5738159179682,560.2869079589843,CQR_PINN_Knee_FLAGSHIP,100,4
10,21,120.82782345726376,97.56296081542968,153.8110955358297,30.75818212268724,0.2857142857142857,120.57207392093395,25.655736961380008,105.8294593254567,1.0,1158.2819335937497,579.140966796875,CQR_PINN_Knee_FLAGSHIP,150,0
10,21,153.09342360723585,97.22571716308596,223.9897597807468,99.25700749278775,0.7142857142857143,389.0874693717281,10.852302607061475,124.38823446532777,0.9047619047619048,819.6704956054687,409.8352478027344,CQR_PINN_Knee_FLAGSHIP,150,1
10,19,183.8971977685627,195.0514328956604,224.7679894272788,76.20089933981579,0.42105263157894735,298.70752541207787,10.405504362829216,148.7426376842058,0.8421052631578947,644.440936279297,322.22046813964846,CQR_PINN_Knee_FLAGSHIP,150,2
10,21,137.49912598984582,83.47951660156252,197.35729799283334,74.41619039840842,0.6666666666666666,291.71146636176104,12805.899845035372,122.63221037484725,0.9523809523809523,1085.1627868652347,542.5813934326172,CQR_PINN_Knee_FLAGSHIP,150,3
10,20,173.29508178710938,96.60924835205077,292.73681624883994,66.01289360472364,0.65,258.7705429305168,114.7802823818375,151.617635152099,0.9,711.0865905761717,355.5432952880859,CQR_PINN_Knee_FLAGSHIP,150,4
10,22,94.46538403284144,40.67720689015391,150.74840331039812,1.0,0.045454545454545456,3.919999999999959,11363.459488850429,93.90628293804416,1.0,1762.5750475996037,881.2875237998021,Gaussian_Process,50,0
10,22,142.64452711450375,79.20362784623526,245.4155426900994,1.0,0.045454545454545456,3.9199999999999773,30115.3132354712,142.10006276568166,0.9090909090909091,863.6732009298489,431.83660046492435,Gaussian_Process,50,1
10,22,180.9077945223757,81.94783370045093,268.85641314091566,1.0,0.045454545454545456,3.919999999999995,36142.80438203257,180.35310522348644,0.8636363636363636,878.4944263529264,439.24721317646333,Gaussian_Process,50,2
10,22,157.59405721390357,86.04004007009348,201.1607932829513,1.0,0.0,3.9199999999999666,20233.751315646336,157.02986763035577,1.0,967.1985903513558,483.59929517567787,Gaussian_Process,50,3
10,22,207.69925159715706,113.59010593019359,332.3933353197932,1.0,0.0,3.920000000000016,55243.583621041435,207.13528657284863,0.9545454545454546,959.0822988256801,479.54114941283996,Gaussian_Process,50,4
10,22,86.05475791436912,39.20144165670726,146.14927955622136,1.0,0.0,3.919999999999986,10680.724895934474,85.49056843629882,1.0,1661.9846534819144,830.992326740957,Gaussian_Process,100,0
10,22,128.89739774304132,64.30740184412335,230.79662198322848,1.0,0.0,3.919999999999985,26634.459297967827,128.3332222873955,0.9090909090909091,840.7887981338695,420.39439906693474,Gaussian_Process,100,1
10,20,152.8233533351325,103.44830991038307,195.45309543335182,1.0,0.0,3.919999999999983,19101.87519577267,152.2593853468464,1.0,923.1624851092735,461.5812425546367,Gaussian_Process,100,2
10,21,135.13790656874286,77.00849272121792,174.88471035145844,1.0,0.047619047619047616,3.9199999999999617,15293.249895889961,134.5807616012947,1.0,899.5124699430523,449.75623497152617,Gaussian_Process,100,3
10,22,204.29031849404566,102.57630242926425,313.49044923262727,1.0,0.045454545454545456,3.9200000000000133,49139.04981857045,203.72831737277428,0.9545454545454546,1043.6437146882317,521.8218573441161,Gaussian_Process,100,4
10,21,80.49659913692412,52.595401386310755,112.43112404925084,1.0,0.0,3.9200000000000212,6321.29776602222,79.93240955337637,1.0,1498.805950474091,749.4029752370456,Gaussian_Process,150,0
10,21,122.64101034737557,55.12437346576672,211.56049070514314,1.0,0.0,3.9200000000000026,22379.839552233687,122.07682076382783,0.9047619047619048,600.6359813829301,300.3179906914651,Gaussian_Process,150,1
10,19,128.5138177940206,100.10559016967238,163.28242784395985,1.0,0.0,3.9200000000000026,13331.494559842184,127.9496383175795,0.9473684210526315,610.2391664672781,305.11958323363905,Gaussian_Process,150,2
10,21,117.92239313968305,72.065205121377,164.00231898956943,1.0,0.0,3.9200000000000172,13449.299255511447,117.3582035561353,0.9523809523809523,690.3975245886575,345.19876229432873,Gaussian_Process,150,3
10,20,176.89481516251982,80.20722673629737,289.34750114331666,1.0,0.0,3.92000000000003,41861.90714747401,176.33133187715097,0.8,573.5929430515783,286.7964715257891,Gaussian_Process,150,4
10,22,145.54526505903763,110.56880340576174,192.83427605374615,58.57987979774607,0.5454545454545454,229.63312880716458,20.174698627186267,121.01808632907377,1.0,1204.990966796875,602.4954833984375,Heteroscedastic_MLP,50,0
10,22,171.31336167075418,90.72234344482419,259.40637888562713,52.30597249047225,0.45454545454545453,205.03941216265122,14.951790253582846,150.46664019115448,0.8181818181818182,850.7001098632812,425.3500549316406,Heteroscedastic_MLP,50,1
10,22,447.51996009133074,192.12386322021484,921.5581396057353,297.65236698297946,0.5,1166.7972785732798,11.85828238648058,319.8643660203676,0.8636363636363636,961.8130111694336,480.9065055847168,Heteroscedastic_MLP,50,2
10,22,224.920724140514,150.60542526245118,294.38242960168,85.45271772808886,0.5,334.97465349410845,21.925155967270996,185.57475475772742,0.9545454545454546,1006.2890960693362,503.144548034668,Heteroscedastic_MLP,50,3
10,22,1087.9127863970668,314.1230804443359,3105.000840025591,2068.7401027896963,0.6363636363636364,8109.46120293561,11.333736925275714,801.0764224674008,1.0,39536.91487426756,19768.457437133788,Heteroscedastic_MLP,50,4
10,22,229.0801598982378,134.8993232727051,393.10157736127894,108.05665059289282,0.45454545454545453,423.5820703241399,32.12967299001472,176.50119663447393,0.9545454545454546,2118.747509765626,1059.3737548828126,Heteroscedastic_MLP,100,0
10,22,760.671059729836,168.23978424072266,2366.361016077513,938.567575642305,0.5454545454545454,3679.184896517836,11.212780427620405,498.8257129912781,0.9545454545454546,4864.528344726565,2432.2641723632814,Heteroscedastic_MLP,100,1
10,20,2427322823982938.0,233.83897705078124,1.0855317675522968e+16,5832821218401312.0,0.45,2.2864659176133144e+16,28.760129065008705,1760367260604761.0,0.95,3917072.0044531254,1958536.00234375,Heteroscedastic_MLP,100,2
10,21,326.17330678304035,181.11881408691409,617.6174008609786,230.43011879224807,0.3333333333333333,903.2860656656121,16.882192951376954,247.61128130058717,0.9523809523809523,3819.3548583984375,1909.6774291992188,Heteroscedastic_MLP,100,3
10,22,311.1113719073209,176.29054107666016,481.45914512875987,140.53768052076109,0.5454545454545454,550.9077076413836,34.905829849021366,253.77056519466643,1.0,12606.069848632813,6303.034924316406,Heteroscedastic_MLP,100,4
10,21,268.3374555315289,88.2703918457031,703.2491990761414,159.64621046601079,0.42857142857142855,625.8131450267624,11.91790872625725,194.83829184924605,0.9523809523809523,1708.6739013671877,854.3369506835938,Heteroscedastic_MLP,150,0
10,21,629.025657453991,178.89039993286133,1581.7469907714333,857.5686337858567,0.7142857142857143,3361.6690444405576,9.72846944701018,435.74058659309856,1.0,14445.176208496094,7222.588104248047,Heteroscedastic_MLP,150,1
10,19,2712.579485561973,235.78076324462893,9752.629202784721,1978.7942622823596,0.5263157894736842,7756.873508146848,22.92160306812495,1778.6095619303267,1.0,5642537.20625,2821268.603125,Heteroscedastic_MLP,150,2
10,21,inf,223.78844299316404,inf,,0.47619047619047616,,,,0.8095238095238095,,2729.871142578125,Heteroscedastic_MLP,150,3
10,20,307.48069396972653,254.8052360534668,422.35737523138494,146.72886410427472,0.55,575.177147288757,10.480273413323388,235.29736300190234,1.0,5100.390637207032,2550.1953186035157,Heteroscedastic_MLP,150,4
10,22,96.92158891504461,57.226603012085036,153.66036869630625,21.77972513721226,0.36363636363636365,85.37652253787206,43.758529643464556,88.93792358108176,1.0,1731.1856667073569,865.5928333536783,Combined_UQ_PINN_Knee,50,0
10,22,131.16412585287384,56.110270016988125,242.0220224068564,20.584913435349673,0.3181818181818182,80.6928606665707,164.38707970007235,121.58335363685237,0.9090909090909091,918.102731933594,459.0513659667968,Combined_UQ_PINN_Knee,50,1
10,22,155.52845417138303,54.92484016418456,232.23658844851695,28.665938515647436,0.3181818181818182,112.37047898133795,56.13281514847973,145.56224452243544,0.8636363636363636,799.6807493082684,399.8403746541342,Combined_UQ_PINN_Knee,50,2
10,22,149.5972323705572,68.14269012451169,214.11636159026963,21.786544469333975,0.4090909090909091,85.40325431978918,81.97350934791226,138.69423339376678,1.0,1055.0479169718421,527.5239584859212,Combined_UQ_PINN_Knee,50,3
10,22,202.43844702586983,82.49649424990018,334.53213278892946,29.956609607654023,0.36363636363636365,117.42990966200378,115.65098819898839,189.98719874991187,0.9545454545454546,915.2158510335286,457.60792551676434,Combined_UQ_PINN_Knee,50,4
10,22,85.15680473067545,46.60320187886555,146.5356257158576,29.001422174770983,0.5,113.6855749251023,24.66088608474557,76.1475599541131,1.0,1645.9547947184249,822.9773973592122,Combined_UQ_PINN_Knee,100,0
10,22,126.14699917648774,56.35855585734052,229.38299060700422,32.557310804691376,0.5454545454545454,127.62465835439016,39.78931322907312,114.22220875900445,0.9090909090909091,740.4084519449866,370.2042259724934,Combined_UQ_PINN_Knee,100,1
10,20,155.52229747009272,102.36371981302898,206.4972494958099,66.20092536985483,0.65,259.5076274498309,9.5209797807028,126.30402321859022,0.95,854.0162416585287,427.0081208292643,Combined_UQ_PINN_Knee,100,2
10,21,128.0169892186967,39.982589772542326,180.10812757727714,32.23213532153188,0.47619047619047616,126.34997046040495,57.457141900277165,114.90875485857843,1.0,974.2985734049478,487.14928670247394,Combined_UQ_PINN_Knee,100,3
10,22,195.6454040007158,86.22738717397058,320.55820952699855,30.522158984295267,0.3181818181818182,119.64686321843746,188.80196064757067,182.3510825782424,0.9545454545454546,848.2380299886066,424.1190149943033,Combined_UQ_PINN_Knee,100,4
10,21,69.02609421745179,32.40660349527994,108.8540023306739,19.55256111541468,0.47619047619047616,76.64603957242556,21.830864220840763,61.315430483385725,1.0,1579.5855930582682,789.7927965291341,Combined_UQ_PINN_Knee,150,0
10,21,117.52818162948367,49.4046754964192,215.51630170372644,16.230506354396304,0.42857142857142855,63.623584909233536,179.0551527070282,110.17697087519595,0.9047619047619048,618.3777195231121,309.188859761556,Combined_UQ_PINN_Knee,150,1
10,19,110.41059528016208,64.19581837972004,157.26865555107963,21.70906027982543,0.42105263157894735,85.09951629691568,41.56457793492816,101.84425553636771,0.8947368421052632,605.4516117350262,302.72580586751303,Combined_UQ_PINN_Knee,150,2
10,21,89.21238557845828,47.82760935465501,125.470694286592,25.641455044055572,0.38095238095238093,100.51450377269785,51.08194705028809,77.25427770740596,1.0,669.5643570963542,334.78217854817706,Combined_UQ_PINN_Knee,150,3
10,20,170.81425441741945,76.13596992492677,294.2929670693958,17.768095966251753,0.25,69.65093618770686,405.0800416334665,162.84524068587808,0.85,627.4248630777996,313.71243153889975,Combined_UQ_PINN_Knee,150,4
10,22,84.4510275407271,26.629100799560547,150.01197561819794,67.58515850430221,0.8181818181818182,264.9338213368647,7.187236555093135,73.31061863417014,1.0,1719.5451354980469,859.7725677490234,Bootstrap_Ensemble_PINN_Knee,50,0
10,22,139.8257232319225,74.84428253173829,254.95468069749248,42.69522440478133,0.45454545454545453,167.36527966674285,21.66528407459758,121.88898288806469,0.9090909090909091,875.7562927246097,437.8781463623047,Bootstrap_Ensemble_PINN_Knee,50,1
10,22,150.87946985418145,49.42448883056639,224.2939166768249,32.31685841257179,0.5454545454545454,126.68208497728146,31.179830908345334,137.68781006639685,0.8636363636363636,776.6372558593753,388.3186279296875,Bootstrap_Ensemble_PINN_Knee,50,2
10,22,157.7966476613825,123.49868774414062,197.217950445586,44.60328396536335,0.22727272727272727,174.84487314422435,13.892339759831872,135.97796748613538,1.0,864.6741455078122,432.3370727539062,Bootstrap_Ensemble_PINN_Knee,50,3
10,22,195.30089222301132,69.0411102294922,327.00401855607197,36.6022800132675,0.36363636363636365,143.48093765200858,54.668159843877,179.55995020852077,0.9545454545454546,827.2435119628904,413.6217559814453,Bootstrap_Ensemble_PINN_Knee,50,4
10,22,96.07412494312634,49.138544082641616,155.84242148684154,51.20636823694119,0.7727272727272727,200.72896348880934,11.771758953366593,80.73808351779627,1.0,1588.6648071289064,794.3324035644531,Bootstrap_Ensemble_PINN_Knee,100,0
10,22,123.20356389825997,51.22327880859373,221.8894971792428,49.32586349473193,0.6818181818181818,193.3573848993492,13.0422012024156,104.45763598842373,0.9090909090909091,819.6788757324216,409.8394378662109,Bootstrap_Ensemble_PINN_Knee,100,1
10,20,127.3863676071167,64.99443664550782,178.03222353842818,56.191203382071706,0.6,220.26951725772105,11.95720245139786,108.20758684251204,1.0,858.7446655273437,429.37233276367186,Bootstrap_Ensemble_PINN_Knee,100,2
10,21,120.58269994826543,54.781716918945335,175.90201023523983,54.98863676214226,0.5714285714285714,215.5554561075976,8.964482736189922,102.09121589097442,1.0,938.6381164550779,469.3190582275391,Bootstrap_Ensemble_PINN_Knee,100,3
10,22,201.11090680902655,69.75479202270509,325.740506431938,35.81539798783521,0.5,140.39636011231403,62.50860688639645,185.8617947471332,0.9545454545454546,877.2297119140626,438.61485595703124,Bootstrap_Ensemble_PINN_Knee,100,4
10,21,66.56406874883743,27.62109985351563,112.44213899354638,41.82657756776872,0.7619047619047619,163.9601840656534,7.708074717523114,55.98748844894647,1.0,1600.4446777343753,800.2223388671875,Bootstrap_Ensemble_PINN_Knee,150,0
10,21,120.3162392025902,49.79427490234377,220.6479949060295,36.56564987663839,0.5238095238095238,143.33734751642248,22.85366306856138,106.5913923526484,0.9047619047619048,637.3509704589845,318.6754852294922,Bootstrap_Ensemble_PINN_Knee,150,1
10,19,109.19277359811883,62.95354614257815,156.23861241942834,33.45351862727799,0.42105263157894735,131.13779301892973,15.016235515243181,97.08391766692023,0.8947368421052632,592.2951110839844,296.14755554199223,Bootstrap_Ensemble_PINN_Knee,150,2
10,21,93.52072546822683,66.48370971679685,132.90329686413241,40.36887886662835,0.5714285714285714,158.24600515718313,14.551453070748629,80.55648694343986,1.0,761.1860961914062,380.5930480957031,Bootstrap_Ensemble_PINN_Knee,150,3
10,20,174.22338638305663,84.06341857910158,296.274414429046,34.21910116292561,0.5,134.13887655866844,57.62109488367214,158.98121723536497,0.9,633.8700012207031,316.9350006103516,Bootstrap_Ensemble_PINN_Knee,150,4
20,22,106.72929143038664,62.12883453369139,164.0138255038237,12.761164981383677,0.18181818181818182,50.023766727024025,72.62830914405875,100.45824911061051,,,,Jackknife_Plus_PINN_Knee,50,0
20,22,135.1183870467273,55.355173492431646,245.03177598272524,15.229903096778724,0.2727272727272727,59.701220139372595,301.86091574943424,127.24943580127643,,,,Jackknife_Plus_PINN_Knee,50,1
20,22,153.84981831637293,59.9726577758789,221.2977831879739,9.50453305276006,0.13636363636363635,37.25776956681944,641.3373979780462,148.77043379378375,,,,Jackknife_Plus_PINN_Knee,50,2
20,22,159.38108459602702,93.06952915191651,219.8908747157198,19.163426264565548,0.18181818181818182,75.12063095709696,94.12715945943313,149.37572872715327,,,,Jackknife_Plus_PINN_Knee,50,3
20,22,202.29372156316583,123.45495986938477,325.07890576544753,12.611804169191076,0.22727272727272727,49.43827234322901,544.197814267397,196.8178803470295,,,,Jackknife_Plus_PINN_Knee,50,4
20,22,114.15953424627129,49.82302017211913,185.70607514355214,16.372858459292935,0.2727272727272727,64.1816051604283,54.95027031688358,105.90728062089623,,,,Jackknife_Plus_PINN_Knee,100,0
20,22,132.38387236161668,71.6573486328125,218.97357680365437,16.111996813179662,0.2727272727272727,63.159027507664284,75.0648077800971,124.96698315249031,,,,Jackknife_Plus_PINN_Knee,100,1
20,20,118.74303215026855,55.17127532958983,165.70971849304794,11.544197915134374,0.15,45.25325582732674,213.14654884198467,113.10668765103617,,,,Jackknife_Plus_PINN_Knee,100,2
20,21,151.95895818074547,104.50656967163087,204.55576419282718,16.888556401286497,0.19047619047619047,66.20314109304306,95.51896450336758,143.04144833973746,,,,Jackknife_Plus_PINN_Knee,100,3
20,22,199.56330113844442,180.83045177459718,305.79694934937976,14.872784436481455,0.18181818181818182,58.30131499100728,380.43166675203935,191.77996841326865,,,,Jackknife_Plus_PINN_Knee,100,4
20,21,78.6918853396461,60.009429931640625,111.45804243941092,7.152074621702863,0.047619047619047616,28.036132517075192,138.53090120556007,74.74172729201089,,,,Jackknife_Plus_PINN_Knee,150,0
20,21,120.34971455165318,45.38738098144529,207.69717905472635,4.854067546293697,0.09523809523809523,19.027944781471295,449.11441733105494,117.67907046873695,,,,Jackknife_Plus_PINN_Knee,150,1
20,19,109.32745542024311,73.30146331787108,151.29656215712959,5.609972345544604,0.10526315789473684,21.99109159453485,370.1134187222917,106.29704801115611,,,,Jackknife_Plus_PINN_Knee,150,2
20,21,81.99366949172247,43.898225402832054,121.03556960390408,7.0114118107234935,0.09523809523809523,27.484734298036084,210.13800347465173,78.11205927835614,,,,Jackknife_Plus_PINN_Knee,150,3
20,20,178.46218765258786,93.1860134124756,294.41200887214006,6.3296836289462695,0.1,24.812359825469375,2035.6266082571644,175.26365623946077,,,,Jackknife_Plus_PINN_Knee,150,4
